{
  "name": "elm-contact",
  "plugins": [
    {
      "name": "Styled Components",
      "description": "Utilising tagged template literals (a recent addition to JavaScript) and the power of CSS, styled-components allows you to write actual CSS code to style your components.",
      "url": "https://styled-components.com/docs"
    },
    {
      "name": "next-i18next",
      "description": "next-i18next is a plugin for Next.js projects that allows you to get translations up and running quickly and easily, while fully supporting SSR, multiple namespaces with codesplitting, etc.",
      "url": "https://github.com/isaachinman/next-i18next"
    }
  ]
}
